{"sum": 359841.0, "avr": 532.3091715976332, "sumMD": 13764.0, "avrMD": 529.3846153846154, "sumSD": 14573.0, "avrSD": 560.5, "max": 997.0, "min": 100.0}