max,min,mean,sum,std
27026.9,5.0,311.04251873667187,75408837.19999999,299.75429538825705
27013.0,4.6,282.85477047834706,68575027.69999999,263.6453751024934
26946.9,4.3,246.8151192671145,59837610.69999997,233.61834091465792
26068.4,4.0,207.21502481036464,50237003.39999999,217.29045441925555
64464.0,4.0,193.47654007812278,46906258.900000006,234.52193203871386
1302.3,4.0,24.542747660236188,5950119.200000001,31.405172170128893
1302.0,4.0,24.08110823753604,5838199.8,30.557711957375847
